﻿Designator,Footprint,Quantity,Value,LCSC Part #
"AUXILIARYDRIVER1, PRIMARYDRIVER1",TSSOP-16-1EP_4.4x5mm_P0.65mm_EP3x3mm_ThermalVias,2,DRV8833PWP, C50506
C1,0805,1,22µF, C45783
"C10, C11, C12, C13, C5, C9",0504,6,1μ, C15849
"C2, C4",0402,2,100n,C1525
C6,1206,1,10µF, C13585
J1,PinHeader_2x16_P2.54mm_Vertical,1,MotherboardConnectors,
J3,USB_C_Receptacle_GCT_USB4125-xx-x-0190_6P_TopMnt_Horizontal,1,USB_C_Receptacle_PowerOnly_6P, C668623
JP1,TestPoint_2Pads_Pitch2.54mm_Drill0.8mm,1,Jumper_2_Open,
JST1,JST_PH_B2B-PH-K_1x02_P2.00mm_Vertical,1,BatteryPins, C20504437
L1,0603,1,4.7µH,C114862
"LOADSWITCH1, LOADSWITCH2",WLCSP-4_0.64x0.64mm_Layout2x2_P0.35mm,2,AP22913CN4,C2150198
Q1,TO-92,1,NPN, C5330385
"R1, R18, R22, R23, R25, R26, R27, R28, R29, R30, R31",0805,11,10k, C17414
"R10, R11, R14, R15, R9",0805,5,0.2, C2934262
R13,0603,1,2k,C22975
"R16, R20",0603,2,3k, C4211
R19,0603,1,680,C23228
R2,0603,1,30k, C22984
"R21, R24, R32",0402,3,1k,C11702
TOGGLESWITCH1,SW_SPDT_CK_JS102011SAQN,1,ON/OFF Switch,C1788492
TP1,TestPoint_Pad_D2.0mm,1,TP_SWITCH,
TP2,TestPoint_Pad_D2.0mm,1,TP_LOAD2,
TP3,TestPoint_Pad_D2.0mm,1,TP_LOAD1,
TP34,TestPoint_Pad_D2.0mm,1,TP_5V_OUT,
TP36,TestPoint_Pad_D2.0mm,1,TP_CHARGE,
TP7,TestPoint_Pad_D2.0mm,1,TP_9V,
U1,SOIC-8-1EP_3.9x4.9mm_P1.27mm_EP2.29x3mm,1,INA219BxD,C138706
U2,SOIC-8-1EP_3.9x4.9mm_P1.27mm_EP2.41x3.3mm_ThermalVias,1,TP4056-42-ESOP8,C16581
U3,SSOP-10-1EP_3.9x4.9mm_P1mm_EP2.1x3.3mm,1,CH224K, C970725
U4,Texas_RSA_VQFN-16-1EP_4x4mm_P0.65mm_EP2.7x2.7mm_ThermalVias,1,TPS61090, C206167
U5,SOT-23-5,1,AP2112K-3.3, C3021085
